category,sha
build/fix,224cfc8c74133a6b4fe6c9e96a90925ebaf066aa
build/ci,0b560607f762d7d7e19d7039f67806381a6c1fd2
build/ci,f82f89b2a339bb42d12aa50ed7abe5c53836d9d3
build/ci,96c39923b69ae61b547af2dc8664f536bda3859a
build/docs+build,92116f6133d732a7312530bbe50fa782be6ee767
feat/feat+test,59512bff74fb9857e4206add1d2925e16e45f399
feat/feat+test,258e1eac1d8855bab7a61b7e6ebbfd7f26bc2ad4
feat/feat+test,eeabdee8dfc6c0d188480e12f3871a5e6cd937e5
feat/feat+test,b71d5708c603b09714a1f539f92f82392b6ee33d
feat/feat+test,b73435b3bf334d5be2931c2ea6a597a9dd51b783
feat/feat+test,988dda23984894cea097d64646196e8d6196d6b6
feat/feat+test,ec93f75cfdf6cbd617c4a92eefae97f2c7736d65
feat/feat+test,5b6cc455edc977ca1c17afce8f66726e20293b4a
feat/feat+test,c3019a91bd78f8e4d3d0e9d5c9909a54e8188b78
feat/feat+test,e95fdb69760e999b0961b13471c464ea8489520c
feat/feat+test,92a5b253c5ec1145412fb22a7ef88425ece3408c
feat/feat+test,5c72b7b5bb06695d14645d4510fd624af28663cb
feat/feat+test,73211952964a79d97b434dd567e6d7d34be7feb5
feat/feat+test,3a8947ae605ef87b488a0d43c85c51a5e28b0107
feat/feat+test,9f299461ed428f3ec612e80de7776791a9dd42ba
fix/fix+test,7581a3d5a3e8ce9889989ea20ef3a4add7d5b63e
fix/fix+test,09aee05105c2da231a18afaf639285e74da62a3a
fix/fix+test,51afc134ecb99fcd81d496e9c2660147320a6c2f
fix/fix+test,a34ad9c53dd382eb122ad70326de64e0ea8188af
fix/fix+test,749ca6f7c791ba63982b577ea353ba96146f743f
fix/fix+test,58d8ac62acd149d7fa8307c385fb405427d1f73b
fix/fix+test,7d5845b2a18aef74e05e1ae3bd95c5a1a1b6e286
fix/fix+test,5f3288af5761f1cba12098a26532ce602c241af1
fix/fix+test,64cbacf1ad079802166c3af112d42e36d2534df1
fix/fix+test+refactor,52624828dd139cf7eba89ec1bc4130411fd34482
refactor/refactor+test,ec8e8a92c82c5a71f44d9dc055a09db0ba5ca929
refactor/refactor+test,f31fae9ff6e85dddf8036d53c41bdffcfa6ae350
refactor/refactor+test,5524ae9b94225360f40fdea095f12a08b49c1e7c
refactor/refactor+test,3b7244caeaf9b8865fa518376cd13a5e05b0bd75
refactor/refactor+test,32158ca5dd5586a6cdb4c589639ea509fcff1ef0
refactor/refactor+test,0afb8b91cd00a54e01eb40657da7b370415a1b57
refactor/refactor+test,78971fd68d7dc5c8e6811b4520cdc54e4188f733
refactor/refactor+test,679e04fdb3a761aa6999410b812ee883864b3058
refactor/refactor+test,e1c160eb54442d26152c8e0b328e1356f158d976
refactor/refactor+test,acc26391edd7dc774ba5d436c0ec7d5c404eaa37
refactor/test,937305d6e2d0b236ce0c08a556679c9dfa215883
feat/feat+test,5f9bfa89ceb61f484be80575b0379bbf9d7a36b3
feat/feat+test,5f707c7e99c70ab9683d55c396e8dc11e1d3b0ea
feat/feat+test,4a4c7afca7e1beadd4b213214074fdb420eb0923
feat/feat+test,9d4fbbd0e9da85146a15f698be34cd7bb63bfe05
feat/feat+test,49db3ac81db18fbc492d14161c09084112ff62f3
feat/feat+test,5c892aad026a403f71ce3beb5630e459ef084258
feat/feat+test,a5e9bbc507160d1192d246e7ed44fc0870ea106b
feat/feat+test,afecb0ae925639113a6cfdc2073c3a5fbc1021e0
feat/feat+test,612a2dbf7f70a8eb44b7278fccd4f1589749968a
feat/feat+test,1d837b175ef18acb3ab1be701264a27ea044733a
feat/feat+test,46225c2bc399e6db5a56b522c978e0d1fac163df
feat/feat+test,f5a0a5a7dcd14efdacd91d7f0ba8d6578a739be9
feat/feat+test,5f9bfa89ceb61f484be80575b0379bbf9d7a36b3
feat/feat+test,a51716d5ac3f7aabe1428a5a6d79c6b863463ff6
feat/feat+test,53f916f032213af8bace99222f9ad386b67c435c
feat/feat+test,f5a0a5a7dcd14efdacd91d7f0ba8d6578a739be9
feat/feat+test,a5e9bbc507160d1192d246e7ed44fc0870ea106b
feat/feat+test,46225c2bc399e6db5a56b522c978e0d1fac163df
feat/feat+test,a84d6715a4df12cc0ee9aa6f2596ce3b04353958
feat/feat+test,61435dfa29c0c6cf7bfee112c6b10cac31c7b92f
feat/feat+test,3730075261bc81df68f9d10f12a2d6bbffd8493c
feat/feat+test,bbb6ee10de824f2e3259576ac01768640c884279
feat/feat+build,72255272bba4b58f0b5e4d8db3f2828d2bbe4628
feat/feat+test,482442ecc1aaf981895a36c367abbd377fd93891
feat/feat+test,84f37cf4d59dc9f95dca60a5139ed7873b42f44b
feat/feat+test,a5dd69744748e9db7bafe7d811f4ff42e1a7d59d
refactor/refactor+test,16199c6269c7cb4c49afb42323e44211185b6c50
fix/fix+test,45b82dc466e3b5a9cc020456c224a45ef8dff0c5
fix/fix+test,d86785c376cb74233cdf00f4dd3240b2f90254e5
build/ci,b6214fdddfa9fbd0293d92959477ef408d99e619
build/ci,8adc24eef9ea52838969614594c362c91b3b0fa7
refactor/refactor+test,17d179f08d0bad5a5c2495c37a6abb31d54b4e10